catering,scenic_spots,public_facilities,companies,shopping,transportation,financial,science_education,housing,life_services,sports_leisure,medical,government
0.28335445538149334,0.17877675670722012,0.0,0.0,0.0,0.17877675670722012,0.0,0.28335445538149334,0.6984612294928304,0.0,0.5363302701216603,0.0,0.0
0.0,0.41260404102206744,0.0,0.0,0.20630202051103372,0.41260404102206744,0.0,0.0,0.785465013223113,0.0,0.0,0.0,0.0
0.0,0.5204565968728738,0.2241484557678008,0.4482969115356016,0.0,0.4482969115356016,0.0,0.0,0.35526689698651903,0.2241484557678008,0.2241484557678008,0.0,0.2241484557678008
0.4662799446457672,0.16609226748715303,0.0,0.16609226748715303,0.42934228311403827,0.3856543022219674,0.0,0.3856543022219674,0.3856543022219674,0.16609226748715303,0.26325001562688527,0.0,0.0
0.395426801874854,0.3449771306200724,0.2983561983434619,0.13669395390979974,0.4312214132750905,0.2864973055751115,0.22293823656481782,0.20025302292009337,0.2421183114108923,0.2733879078195995,0.2587328479650543,0.20025302292009337,0.13669395390979974
0.5980261546125077,0.0,0.0,0.0,0.37731249435895575,0.5980261546125077,0.0,0.37731249435895575,0.0,0.0,0.0,0.0,0.0
0.2506891426784769,0.2506891426784769,0.2506891426784769,0.2506891426784769,0.2506891426784769,0.31633447802634274,0.0,0.15816723901317137,0.6595455243701251,0.0,0.2506891426784769,0.2506891426784769,0.0
0.4358821484805773,0.25199639509121174,0.12599819754560587,0.0,0.544555149877522,0.19970241826824175,0.25199639509121174,0.2925587547863102,0.19970241826824175,0.19970241826824175,0.19970241826824175,0.2925587547863102,0.19970241826824175
